Workbook

Sheet Dados
A1: CONTROLE ORÇAMENTÁRIO — PROJETO SOCIAL 2025
A2: Dados de Receitas e Despesas por Categoria e Mês
A4: Categoria | B4: Jan | C4: Fev | D4: Mar | E4: Abr | F4: Mai | G4: Jun | H4: Jul | I4: Ago | J4: Set | K4: Out | L4: Nov | M4: Dez | N4: TOTAL
A5: ▼ DESPESAS
A6: Pessoal | B6: 8500 | C6: 8500 | D6: 8500 | E6: 8500 | F6: 8500 | G6: 8500 | H6: 8500 | I6: 8500 | J6: 8500 | K6: 8500 | L6: 8500 | M6: 8500 | N6: =SUM(B6:M6) -> 102000
A7: Infraestrutura | B7: 2200 | C7: 2200 | D7: 2400 | E7: 2200 | F7: 2200 | G7: 2400 | H7: 2200 | I7: 2200 | J7: 2400 | K7: 2200 | L7: 2200 | M7: 2400 | N7: =SUM(B7:M7) -> 27200
A8: Materiais | B8: 800 | C8: 950 | D8: 700 | E8: 850 | F8: 900 | G8: 750 | H8: 800 | I8: 850 | J8: 900 | K8: 700 | L8: 850 | M8: 950 | N8: =SUM(B8:M8) -> 10000
A9: Capacitação | B9: 0 | C9: 1500 | D9: 0 | E9: 0 | F9: 1500 | G9: 0 | H9: 0 | I9: 1500 | J9: 0 | K9: 0 | L9: 1500 | M9: 0 | N9: =SUM(B9:M9) -> 6000
A10: Comunicação | B10: 600 | C10: 600 | D10: 600 | E10: 600 | F10: 600 | G10: 600 | H10: 600 | I10: 600 | J10: 600 | K10: 600 | L10: 600 | M10: 600 | N10: =SUM(B10:M10) -> 7200
A11: Transporte | B11: 350 | C11: 420 | D11: 380 | E11: 410 | F11: 390 | G11: 440 | H11: 350 | I11: 420 | J11: 390 | K11: 410 | L11: 380 | M11: 440 | N11: =SUM(B11:M11) -> 4780
A12: Administrativo | B12: 450 | C12: 450 | D12: 450 | E12: 450 | F12: 450 | G12: 450 | H12: 450 | I12: 450 | J12: 450 | K12: 450 | L12: 450 | M12: 450 | N12: =SUM(B12:M12) -> 5400
A13: Imprevisto | B13: 0 | C13: 0 | D13: 300 | E13: 0 | F13: 0 | G13: 150 | H13: 0 | I13: 0 | J13: 200 | K13: 0 | L13: 0 | M13: 400 | N13: =SUM(B13:M13) -> 1050
A14: TOTAL DESPESAS | B14: =SUM(B6:B13) -> 12900 | C14: =SUM(C6:C13) -> 14620 | D14: =SUM(D6:D13) -> 13330 | E14: =SUM(E6:E13) -> 13010 | F14: =SUM(F6:F13) -> 14540 | G14: =SUM(G6:G13) -> 13290 | H14: =SUM(H6:H13) -> 12900 | I14: =SUM(I6:I13) -> 14520 | ... N14: =SUM(N6:N13) -> 163630
A16: ▼ RECEITAS
A17: Doação Institucional | B17: 10000 | C17: 10000 | D17: 10000 | E17: 10000 | F17: 10000 | G17: 10000 | H17: 10000 | I17: 10000 | J17: 10000 | K17: 10000 | L17: 10000 | M17: 10000 | N17: =SUM(B17:M17) -> 120000
A18: Editais/Projetos | B18: 5000 | C18: 0 | D18: 5000 | E18: 0 | F18: 5000 | G18: 0 | H18: 5000 | I18: 0 | J18: 5000 | K18: 0 | L18: 5000 | M18: 0 | N18: =SUM(B18:M18) -> 30000
A19: Captação Própria | B19: 800 | C19: 950 | D19: 700 | E19: 1100 | F19: 850 | G19: 900 | H19: 750 | I19: 1000 | J19: 950 | K19: 800 | L19: 900 | M19: 1200 | N19: =SUM(B19:M19) -> 10900
A20: TOTAL RECEITAS | B20: =SUM(B17:B19) -> 15800 | C20: =SUM(C17:C19) -> 10950 | D20: =SUM(D17:D19) -> 15700 | E20: =SUM(E17:E19) -> 11100 | F20: =SUM(F17:F19) -> 15850 | G20: =SUM(G17:G19) -> 10900 | H20: =SUM(H17:H19) -> 15750 | I20: =SUM(I17:I19) -> 11000 | ... N20: =SUM(N17:N19) -> 160900
A22: SALDO (Rec. - Desp.) | B22: =B20-B14 -> 2900 | C22: =C20-C14 -> -3670 | D22: =D20-D14 -> 2370 | E22: =E20-E14 -> -1910 | F22: =F20-F14 -> 1310 | G22: =G20-G14 -> -2390 | H22: =H20-H14 -> 2850 | I22: =I20-I14 -> -3520 | ... N22: =N20-N14 -> -2730

Sheet Dashboard
A1: 📊 DASHBOARD ORÇAMENTÁRIO — PROJETO SOCIAL 2025
A2: Painel de Acompanhamento Financeiro · Atualização Automática
A4: TOTAL RECEITAS (ANO) | E4: TOTAL DESPESAS (ANO) | I4: SALDO DO ANO | M4: MAIOR DESPESA
A5: =Dados!N20 -> 160900 | E5: =Dados!N14 -> 163630 | I5: =Dados!N22 -> -2730 | M5: =MAX(Dados!B14:M14) -> 14620
A8: RESUMO MENSAL — RECEITAS × DESPESAS × SALDO
A9: Mês | B9: Total Receitas | C9: Total Despesas | D9: Saldo | E9: % Execução Orç.
A10: Jan | B10: =Dados!B20 -> 15800 | C10: =Dados!B14 -> 12900 | D10: =B10-C10 -> 2900 | E10: =IFERROR(C10/B10,0) -> 0.8164557
A11: Fev | B11: =Dados!C20 -> 10950 | C11: =Dados!C14 -> 14620 | D11: =B11-C11 -> -3670 | E11: =IFERROR(C11/B11,0) -> 1.3351598
A12: Mar | B12: =Dados!D20 -> 15700 | C12: =Dados!D14 -> 13330 | D12: =B12-C12 -> 2370 | E12: =IFERROR(C12/B12,0) -> 0.84904459
A13: Abr | B13: =Dados!E20 -> 11100 | C13: =Dados!E14 -> 13010 | D13: =B13-C13 -> -1910 | E13: =IFERROR(C13/B13,0) -> 1.1720721
A14: Mai | B14: =Dados!F20 -> 15850 | C14: =Dados!F14 -> 14540 | D14: =B14-C14 -> 1310 | E14: =IFERROR(C14/B14,0) -> 0.91735016
A15: Jun | B15: =Dados!G20 -> 10900 | C15: =Dados!G14 -> 13290 | D15: =B15-C15 -> -2390 | E15: =IFERROR(C15/B15,0) -> 1.2192661
A16: Jul | B16: =Dados!H20 -> 15750 | C16: =Dados!H14 -> 12900 | D16: =B16-C16 -> 2850 | E16: =IFERROR(C16/B16,0) -> 0.81904762
A17: Ago | B17: =Dados!I20 -> 11000 | C17: =Dados!I14 -> 14520 | D17: =B17-C17 -> -3520 | E17: =IFERROR(C17/B17,0) -> 1.32
A18: Set | B18: =Dados!J20 -> 15950 | C18: =Dados!J14 -> 13440 | D18: =B18-C18 -> 2510 | E18: =IFERROR(C18/B18,0) -> 0.84263323
A19: Out | B19: =Dados!K20 -> 10800 | C19: =Dados!K14 -> 12860 | D19: =B19-C19 -> -2060 | E19: =IFERROR(C19/B19,0) -> 1.1907407
A20: Nov | B20: =Dados!L20 -> 15900 | C20: =Dados!L14 -> 14480 | D20: =B20-C20 -> 1420 | E20: =IFERROR(C20/B20,0) -> 0.91069182
A21: Dez | B21: =Dados!M20 -> 11200 | C21: =Dados!M14 -> 13740 | D21: =B21-C21 -> -2540 | E21: =IFERROR(C21/B21,0) -> 1.2267857
A22: TOTAL | B22: =SUM(B10:B21) -> 160900 | C22: =SUM(C10:C21) -> 163630 | D22: =SUM(D10:D21) -> -2730 | E22: =IFERROR(C22/B22,0) -> 1.0169671

Sheet Instruções
A1: COMO USAR ESTA PLANILHA
A3: 1. INSERIR DADOS
A4: Acesse a aba 'Dados'. Preencha os valores mensais por categoria nas colunas B a M. Não altere as fórmulas nas colunas de TOTAL e linhas de TOTAIS.
A6: 2. VISUALIZAR O DASHBOARD
A7: Acesse a aba 'Dashboard' para ver automaticamente os KPIs, a tabela resumo e os gráficos atualizados com os dados inseridos.
A9: 3. ADICIONAR CATEGORIAS
A10: Para incluir uma nova categoria de despesa ou receita, insira uma nova linha na seção correspondente na aba 'Dados' e copie o formato das linhas vizinhas.
A12: 4. CORES E CONVENÇÕES
A13: Azul escuro = totais e cabeçalhos | Âmbar/amarelo = totais de despesa | Verde = totais de receita | Azul claro = subtotais por linha
